Type,Name,Request Count,Failure Count,Median Response Time,Average Response Time,Min Response Time,Max Response Time,Average Content Size,Requests/s,Failures/s,50%,66%,75%,80%,90%,95%,98%,99%,99.9%,99.99%,100%
POST,POST /api/rag/ask [field],25,0,12,11.752305566333234,8.88662994839251,23.03950989153236,1055.76,1.3197612886602246,0.0,12,12,12,13,13,13,23,23,23,23,23
POST,POST /api/rag/ask [semantic],29,0,13,13.423156755944264,9.899717988446355,21.951112081296742,1786.5862068965516,1.5309230948458605,0.0,13,14,14,14,16,19,22,22,22,22,22
,Aggregated,54,0,12,12.64961453853175,8.88662994839251,23.03950989153236,1448.2407407407406,2.8506843835060853,0.0,12,13,13,14,15,19,22,23,23,23,23
